SIRET,raison_sociale
52686996883606,Le Goff
29809172323446,Legrand
07490937905845,Roy Martins SARL
36183377219388,Lacombe S.A.S.
03791523220638,Guilbert
58903816331381,Laurent
81167159265939,Hernandez S.A.S.
00525055521081,Gérard
92718632450184,Raymond
13504627986836,Tessier
73799114624221,Collet
29007121912554,Vaillant
53749997792491,Joubert Navarro et Fils
20225292747143,Martineau S.A.S.
40067093157821,De Oliveira
02552217856904,Mathieu
25058712462395,Chauvin Sauvage S.A.R.L.
26514408217148,Barbier Morin SA
96955623293383,Wagner
29464097947487,Pages Adam SA
25646127640955,Pierre Imbert S.A.
79317073641194,Parent Robin S.A.R.L.
57003007362412,Giraud S.A.S.
46429840984542,Paris
15132640130370,Lesage
20669367769301,Devaux SARL
35922864298293,Bazin Merle SA
97084322103282,Cordier Valentin S.A.
66492655220417,Vidal
09235195544011,Allard
09032751385674,Blanc
72555787777506,Dias Marty S.A.R.L.
58290828387892,Dumas
51702503153255,Jean S.A.
61476670012027,Lemaître
63950133687266,Teixeira
49938099511215,Noël S.A.S.
61366384420186,Marchand Delmas S.A.R.L.
58026179328888,Verdier S.A.
84084428789540,Jacquot Laurent SARL
06819608734500,Godard et Fils
68489127072466,Lévy
64026792801221,Bernard Rémy S.A.R.L.
67419355787533,Bertrand S.A.R.L.
83781022094829,Maillet S.A.R.L.
44374263859992,Lebreton et Fils
39267260173753,Faure
98183300737893,Chauveau et Fils
36772794975217,Gillet
57413324139558,Gomes
69511036882363,Bailly Mathieu SARL
51151819802485,Wagner S.A.
31600246537342,Jean Tessier S.A.S.
78262461702589,Martel Pons S.A.S.
80723535542121,Letellier
09792774092161,Delaunay
87671580237109,Potier Duhamel S.A.R.L.
48760293112824,Voisin S.A.S.
66605720133153,Adam Bodin S.A.S.
61204987425797,Picard S.A.R.L.
29393642485637,Auger Hoareau S.A.
87373942386043,Lemonnier
33058399718832,Dumas
96264881700883,Lamy SA
22389614872404,Vasseur Rocher S.A.S.
85635051778036,Leconte Rousset SA
24364378006878,Moreau
43444894313116,Hubert S.A.
80715132095942,Guillaume
51258572017295,Marques
42601920442059,Pruvost
99486387840896,Maillet et Fils
64817492899526,Denis
28337789154693,Joubert Le Goff SARL
47088349871620,Pineau S.A.
30770812020708,Barre S.A.R.L.
82674390921368,Sauvage Lévêque S.A.S.
48133616962434,Berger Pierre SA
69870882963319,Devaux Noël S.A.R.L.
40151481255736,Benoit
28251771124652,Lebon Michel SARL
17302630939836,Brunel Arnaud S.A.
64717768616115,Bernard
69011757299139,Leconte
42913096358671,Leleu
89426680704346,Fabre
89515745207186,Colas
78637391792671,Royer et Fils
11514703785093,Morel
05466078207131,Rocher
13484140289071,Pires Guichard S.A.R.L.
61500540488858,Pruvost
11567412202668,Joubert
07181281874332,Perez Lesage et Fils
63302251178481,Pereira Berthelot et Fils
03856807343776,Dubois
83907434907681,Guichard
49917554883966,Bourdon et Fils
14548937752788,Jourdan
32248510419942,Grenier
93017286152681,Barthelemy
36236919082349,Dupont Lecoq et Fils
98930733688180,Lagarde
06614320879150,Charles
19258613040563,Andre Bernard S.A.R.L.
24818656352324,Perrin
74680733526948,Marchal Garnier et Fils
38934376101739,Thomas Lelièvre SA
50318444534242,Fournier S.A.R.L.
37710667093806,Henry Vallée SA
70263465761771,Lambert SA
33206100880985,Lucas
23193773490439,Jean et Fils
74953527570797,Techer S.A.
85912220238803,Salmon
28088992559814,Renault
96073577228654,Leroy
83346272050224,Briand
61799323805638,Gérard S.A.R.L.
34726647316167,Neveu
55627527881308,Lesage
00006695011045,Briand
53394032794022,Marty Guillou SARL
62702665077928,Gérard et Fils
92578022077836,Lopez
83981304889601,Garnier Fabre SA
24583688708195,Weber et Fils
71984442235048,Poulain
64300112659468,Toussaint
35937003762553,Muller
83876695122502,Rodriguez Pinto S.A.R.L.
06993304653729,Brunet
67426908265581,Georges
67326066136871,Martinez Meyer S.A.R.L.
33313239469248,Bazin Legrand S.A.R.L.
67016870462204,Delorme
80903770168495,Perret
81380304341127,Dubois
48349816616074,Roussel
37712325010813,Gaillard Delahaye S.A.S.
39815863673098,Renaud
52792924508900,Neveu Ollivier S.A.R.L.
44112288376085,Gaillard et Fils
91579328798252,Guillou
74484115954954,Mace
24727805286382,Courtois
47659871895721,Rocher
41060060164448,Chrétien Paul S.A.S.
63524233770260,Didier SARL
90456978427461,Pons S.A.
15930091661281,Vasseur Barbe SA
52330798577246,Laroche SA
98343361625499,Besnard SARL
95155718723586,Mathieu S.A.R.L.
39134958521502,Delahaye Aubert SARL
12380287562047,Lelièvre
30426192025617,Delaunay
21920892795838,Blanchard
23421169317648,Besnard Potier S.A.R.L.
18526753655214,Launay S.A.
42722451497715,Dupuy Bigot S.A.R.L.
84377770359465,Gérard S.A.S.
82383462634473,Guichard
05307758719465,Sanchez SA
79319466934413,Guichard S.A.
98329158407802,Sauvage et Fils
49391417241429,Marchand
71073995924908,Bousquet
09779811354419,Mary Gautier SA
90520255692709,Gonzalez SARL
03266774728588,Bertrand S.A.S.
46800968940449,Devaux
41714630388488,Didier S.A.
48535116750622,Adam
46009673051323,Carre
84747849229230,Goncalves et Fils
36198144984946,Dijoux SARL
61145436460441,Marie
97619788371160,Tanguy et Fils
39882406678115,Lopes
42678349027760,Ribeiro Rivière SA
82130096260216,Roche
96290594443384,Germain
24905798602967,Duval
81863341627805,Goncalves S.A.S.
84000895337037,Pasquier S.A.R.L.
36788219232010,Wagner et Fils
61625613455795,Loiseau Fernandes S.A.
53060616902393,Gomez
96198335867121,Fleury
03363878717889,Marin
72377548287353,Léger
39629785831743,Guillou SA
55092167093295,Bourdon Ferreira S.A.R.L.
02641133331122,Hoareau Henry et Fils
42060216400562,Bouvet
78087623290443,Leblanc S.A.
68268830587619,Carlier SA
63004755184376,Faure Rémy SA
73727866016747,Gay Picard et Fils
